{
  "hash": "d4b4e37b",
  "configHash": "22b8cd8a",
  "lockfileHash": "b72d5e4d",
  "browserHash": "867081e1",
  "optimized": {
    "@angular/core": {
      "src": "../../../../../../node_modules/@angular/core/fesm2022/core.mjs",
      "file": "@angular_core.js",
      "fileHash": "ff8a30e4",
      "needsInterop": false
    },
    "@angular/platform-browser": {
      "src": "../../../../../../node_modules/@angular/platform-browser/fesm2022/platform-browser.mjs",
      "file": "@angular_platform-browser.js",
      "fileHash": "f64b821d",
      "needsInterop": false
    },
    "@angular/router": {
      "src": "../../../../../../node_modules/@angular/router/fesm2022/router.mjs",
      "file": "@angular_router.js",
      "fileHash": "0e2f9cdd",
      "needsInterop": false
    },
    "@angular/common": {
      "src": "../../../../../../node_modules/@angular/common/fesm2022/common.mjs",
      "file": "@angular_common.js",
      "fileHash": "cda7a507",
      "needsInterop": false
    }
  },
  "chunks": {
    "chunk-FEU5HJHR": {
      "file": "chunk-FEU5HJHR.js"
    },
    "chunk-3CTMZKBG": {
      "file": "chunk-3CTMZKBG.js"
    },
    "chunk-MBENSOCI": {
      "file": "chunk-MBENSOCI.js"
    }
  }
}