{
  "hash": "e2754737",
  "configHash": "d5ba1b26",
  "lockfileHash": "9ba9759b",
  "browserHash": "449a9b24",
  "optimized": {
    "@angular/core": {
      "src": "../../../../../../node_modules/@angular/core/fesm2022/core.mjs",
      "file": "@angular_core.js",
      "fileHash": "37de8606",
      "needsInterop": false
    },
    "@angular/platform-browser": {
      "src": "../../../../../../node_modules/@angular/platform-browser/fesm2022/platform-browser.mjs",
      "file": "@angular_platform-browser.js",
      "fileHash": "ccd26aa7",
      "needsInterop": false
    },
    "@angular/router": {
      "src": "../../../../../../node_modules/@angular/router/fesm2022/router.mjs",
      "file": "@angular_router.js",
      "fileHash": "c7619911",
      "needsInterop": false
    },
    "@angular/common": {
      "src": "../../../../../../node_modules/@angular/common/fesm2022/common.mjs",
      "file": "@angular_common.js",
      "fileHash": "0e3187bd",
      "needsInterop": false
    }
  },
  "chunks": {
    "chunk-FEU5HJHR": {
      "file": "chunk-FEU5HJHR.js"
    },
    "chunk-3CTMZKBG": {
      "file": "chunk-3CTMZKBG.js"
    },
    "chunk-MBENSOCI": {
      "file": "chunk-MBENSOCI.js"
    }
  }
}